name,unique_code,status,created_at,updated_at
Tongi 2,tsa919,ACTIVE,2025-08-14 00:00:00.000,2025-08-14 00:00:00.000
Sector-4,tsa757,ACTIVE,2025-08-14 00:00:00.000,2025-08-14 00:00:00.000
Uttara 2,tsa761,ACTIVE,2025-08-14 00:00:00.000,2025-08-14 00:00:00.000
Tongi 1,tsa920,ACTIVE,2025-08-14 00:00:00.000,2025-08-14 00:00:00.000
Tongi 3,tsa918,ACTIVE,2025-08-14 00:00:00.000,2025-08-14 00:00:00.000
Kaliganj (DW),tsa921,ACTIVE,2025-08-14 00:00:00.000,2025-08-14 00:00:00.000
Uttara 3,tsa870,ACTIVE,2025-08-14 00:00:00.000,2025-08-14 00:00:00.000
Khilkhet,tsa756,ACTIVE,2025-08-14 00:00:00.000,2025-08-14 00:00:00.000
Nikunja,tsa760,ACTIVE,2025-08-14 00:00:00.000,2025-08-14 00:00:00.000
Uttara 1,tsa759,ACTIVE,2025-08-14 00:00:00.000,2025-08-14 00:00:00.000
Savar 2,tsa713,ACTIVE,2025-08-14 00:00:00.000,2025-08-14 00:00:00.000
Singair,tsa878,ACTIVE,2025-08-14 00:00:00.000,2025-08-14 00:00:00.000
Joydebpur 1,tsa916,ACTIVE,2025-08-14 00:00:00.000,2025-08-14 00:00:00.000
Joydebpur 2,tsa718,ACTIVE,2025-08-14 00:00:00.000,2025-08-14 00:00:00.000
Shafipur 1,tsa720,ACTIVE,2025-08-14 00:00:00.000,2025-08-14 00:00:00.000
Shafipur 3,tsa1039,ACTIVE,2025-08-14 00:00:00.000,2025-08-14 00:00:00.000
Shafipur 2,tsa719,ACTIVE,2025-08-14 00:00:00.000,2025-08-14 00:00:00.000
Mawna,tsa721,ACTIVE,2025-08-14 00:00:00.000,2025-08-14 00:00:00.000
Kapasia,tsa722,ACTIVE,2025-08-14 00:00:00.000,2025-08-14 00:00:00.000
Tangail 3,tsa1062,ACTIVE,2025-08-14 00:00:00.000,2025-08-14 00:00:00.000
Ghatail,tsa1038,ACTIVE,2025-08-14 00:00:00.000,2025-08-14 00:00:00.000
Mirzapur,tsa726,ACTIVE,2025-08-14 00:00:00.000,2025-08-14 00:00:00.000
Sakhipur (DN),tsa725,ACTIVE,2025-08-14 00:00:00.000,2025-08-14 00:00:00.000
Sarishabari,tsa727,ACTIVE,2025-08-14 00:00:00.000,2025-08-14 00:00:00.000
Tangail 2,tsa723,ACTIVE,2025-08-14 00:00:00.000,2025-08-14 00:00:00.000
Madhupur,tsa1015,ACTIVE,2025-08-14 00:00:00.000,2025-08-14 00:00:00.000
DEPZ 2,tsa714,ACTIVE,2025-08-14 00:00:00.000,2025-08-14 00:00:00.000
DEPZ 1,tsa715,ACTIVE,2025-08-14 00:00:00.000,2025-08-14 00:00:00.000
Dhamrai,tsa882,ACTIVE,2025-08-14 00:00:00.000,2025-08-14 00:00:00.000
Zirani,tsa915,ACTIVE,2025-08-14 00:00:00.000,2025-08-14 00:00:00.000
Manikganj,tsa762,ACTIVE,2025-08-14 00:00:00.000,2025-08-14 00:00:00.000
Mohadevpur (DW),tsa716,ACTIVE,2025-08-14 00:00:00.000,2025-08-14 00:00:00.000
Savar 1,tsa712,ACTIVE,2025-08-14 00:00:00.000,2025-08-14 00:00:00.000
Zirabo 2,tsa1054,ACTIVE,2025-08-14 00:00:00.000,2025-08-14 00:00:00.000
Zirabo 1,tsa711,ACTIVE,2025-08-14 00:00:00.000,2025-08-14 00:00:00.000
Board Bazar,tsa751,ACTIVE,2025-08-14 00:00:00.000,2025-08-14 00:00:00.000
Mazar Chowrasta,tsa758,ACTIVE,2025-08-14 00:00:00.000,2025-08-14 00:00:00.000
Mirer Bazar,tsa1063,ACTIVE,2025-08-14 00:00:00.000,2025-08-14 00:00:00.000
Bashon,tsa917,ACTIVE,2025-08-14 00:00:00.000,2025-08-14 00:00:00.000
Pallabi,tsa621,ACTIVE,2025-08-14 00:00:00.000,2025-08-14 00:00:00.000
Motijheel 1,tsa705,ACTIVE,2025-08-14 00:00:00.000,2025-08-14 00:00:00.000
Motijheel 3,tsa893,ACTIVE,2025-08-14 00:00:00.000,2025-08-14 00:00:00.000
Motijheel 4,tsa1060,ACTIVE,2025-08-14 00:00:00.000,2025-08-14 00:00:00.000
Motijheel 2,tsa709,ACTIVE,2025-08-14 00:00:00.000,2025-08-14 00:00:00.000
Jatrabari,tsa704,ACTIVE,2025-08-14 00:00:00.000,2025-08-14 00:00:00.000
Mogbazar,tsa708,ACTIVE,2025-08-14 00:00:00.000,2025-08-14 00:00:00.000
Tejgaon,tsa706,ACTIVE,2025-08-14 00:00:00.000,2025-08-14 00:00:00.000
Rampura,tsa707,ACTIVE,2025-08-14 00:00:00.000,2025-08-14 00:00:00.000
Narayanganj 1,tsa748,ACTIVE,2025-08-14 00:00:00.000,2025-08-14 00:00:00.000
Narayanganj 2,tsa747,ACTIVE,2025-08-14 00:00:00.000,2025-08-14 00:00:00.000
Nabiganj (DE),tsa1014,ACTIVE,2025-08-14 00:00:00.000,2025-08-14 00:00:00.000
Madanpur,tsa749,ACTIVE,2025-08-14 00:00:00.000,2025-08-14 00:00:00.000
Jurain 1,tsa750,ACTIVE,2025-08-14 00:00:00.000,2025-08-14 00:00:00.000
Jurain 2,tsa1061,ACTIVE,2025-08-14 00:00:00.000,2025-08-14 00:00:00.000
Sutrapur 2,tsa1037,ACTIVE,2025-08-14 00:00:00.000,2025-08-14 00:00:00.000
Sutrapur 1,tsa736,ACTIVE,2025-08-14 00:00:00.000,2025-08-14 00:00:00.000
Moulvibazar (DHK),tsa737,ACTIVE,2025-08-14 00:00:00.000,2025-08-14 00:00:00.000
Keraniganj,tsa738,ACTIVE,2025-08-14 00:00:00.000,2025-08-14 00:00:00.000
Zinzera,tsa979,ACTIVE,2025-08-14 00:00:00.000,2025-08-14 00:00:00.000
Nawabganj,tsa909,ACTIVE,2025-08-14 00:00:00.000,2025-08-14 00:00:00.000
Sreenagar,tsa910,ACTIVE,2025-08-14 00:00:00.000,2025-08-14 00:00:00.000
Taltola,tsa981,ACTIVE,2025-08-14 00:00:00.000,2025-08-14 00:00:00.000
New Market (DHK),tsa728,ACTIVE,2025-08-14 00:00:00.000,2025-08-14 00:00:00.000
Kuril,tsa698,ACTIVE,2025-08-14 00:00:00.000,2025-08-14 00:00:00.000
Badda,tsa906,ACTIVE,2025-08-14 00:00:00.000,2025-08-14 00:00:00.000
Vatara,tsa702,ACTIVE,2025-08-14 00:00:00.000,2025-08-14 00:00:00.000
Pirerbag,tsa913,ACTIVE,2025-08-14 00:00:00.000,2025-08-14 00:00:00.000
Kazipara,tsa622,ACTIVE,2025-08-14 00:00:00.000,2025-08-14 00:00:00.000
Bhasantek,tsa914,ACTIVE,2025-08-14 00:00:00.000,2025-08-14 00:00:00.000
Rupnagar,tsa985,ACTIVE,2025-08-14 00:00:00.000,2025-08-14 00:00:00.000
Gabtoli,tsa697,ACTIVE,2025-08-14 00:00:00.000,2025-08-14 00:00:00.000
Khilgaon,tsa986,ACTIVE,2025-08-14 00:00:00.000,2025-08-14 00:00:00.000
Banasree,tsa710,ACTIVE,2025-08-14 00:00:00.000,2025-08-14 00:00:00.000
Gulshan,tsa700,ACTIVE,2025-08-14 00:00:00.000,2025-08-14 00:00:00.000
Banani,tsa699,ACTIVE,2025-08-14 00:00:00.000,2025-08-14 00:00:00.000
Neketon,tsa701,ACTIVE,2025-08-14 00:00:00.000,2025-08-14 00:00:00.000
Ati Bazar,tsa908,ACTIVE,2025-08-14 00:00:00.000,2025-08-14 00:00:00.000
Kamrangirchar,tsa993,ACTIVE,2025-08-14 00:00:00.000,2025-08-14 00:00:00.000
Narinda,tsa733,ACTIVE,2025-08-14 00:00:00.000,2025-08-14 00:00:00.000
Bongshal,tsa973,ACTIVE,2025-08-14 00:00:00.000,2025-08-14 00:00:00.000
Narayanganj 3,tsa1033,ACTIVE,2025-08-14 00:00:00.000,2025-08-14 00:00:00.000
Adamji,tsa911,ACTIVE,2025-08-14 00:00:00.000,2025-08-14 00:00:00.000
Munshiganj 1,tsa912,ACTIVE,2025-08-14 00:00:00.000,2025-08-14 00:00:00.000
Munshiganj 2,tsa1034,ACTIVE,2025-08-14 00:00:00.000,2025-08-14 00:00:00.000
Bongobazar,tsa972,ACTIVE,2025-08-14 00:00:00.000,2025-08-14 00:00:00.000
Kalabagan,tsa741,ACTIVE,2025-08-14 00:00:00.000,2025-08-14 00:00:00.000
Karwanbazar,tsa742,ACTIVE,2025-08-14 00:00:00.000,2025-08-14 00:00:00.000
Dhanmondi,tsa745,ACTIVE,2025-08-14 00:00:00.000,2025-08-14 00:00:00.000
Agargaon,tsa884,ACTIVE,2025-08-14 00:00:00.000,2025-08-14 00:00:00.000
Shyamoli,tsa907,ACTIVE,2025-08-14 00:00:00.000,2025-08-14 00:00:00.000
Lalmatia,tsa744,ACTIVE,2025-08-14 00:00:00.000,2025-08-14 00:00:00.000
Mohammadpur,tsa746,ACTIVE,2025-08-14 00:00:00.000,2025-08-14 00:00:00.000
Fatullah 2,tsa1003,ACTIVE,2025-08-14 00:00:00.000,2025-08-14 00:00:00.000
Fatullah 1,tsa971,ACTIVE,2025-08-14 00:00:00.000,2025-08-14 00:00:00.000
Gendaria,tsa994,ACTIVE,2025-08-14 00:00:00.000,2025-08-14 00:00:00.000
Old Town,tsa734,ACTIVE,2025-08-14 00:00:00.000,2025-08-14 00:00:00.000
Chawkbazar,tsa732,ACTIVE,2025-08-14 00:00:00.000,2025-08-14 00:00:00.000
Lalbagh,tsa730,ACTIVE,2025-08-14 00:00:00.000,2025-08-14 00:00:00.000
Azimpur,tsa885,ACTIVE,2025-08-14 00:00:00.000,2025-08-14 00:00:00.000
Bosila,tsa841,ACTIVE,2025-08-14 00:00:00.000,2025-08-14 00:00:00.000
Bhulta,tsa1059,ACTIVE,2025-08-14 00:00:00.000,2025-08-14 00:00:00.000
Matuail,tsa703,ACTIVE,2025-08-14 00:00:00.000,2025-08-14 00:00:00.000
Khanhat,tsa1046,ACTIVE,2025-08-14 00:00:00.000,2025-08-14 00:00:00.000
Keranihat,tsa678,ACTIVE,2025-08-14 00:00:00.000,2025-08-14 00:00:00.000
Lohagara (CTG),tsa684,ACTIVE,2025-08-14 00:00:00.000,2025-08-14 00:00:00.000
Chakaria 2,tsa1072,ACTIVE,2025-08-14 00:00:00.000,2025-08-14 00:00:00.000
Chakaria 1,tsa683,ACTIVE,2025-08-14 00:00:00.000,2025-08-14 00:00:00.000
Ramu,tsa1045,ACTIVE,2025-08-14 00:00:00.000,2025-08-14 00:00:00.000
Ukhia,tsa682,ACTIVE,2025-08-14 00:00:00.000,2025-08-14 00:00:00.000
Cox's Bazar 1,tsa959,ACTIVE,2025-08-14 00:00:00.000,2025-08-14 00:00:00.000
Cox's Bazar 2,tsa958,ACTIVE,2025-08-14 00:00:00.000,2025-08-14 00:00:00.000
Moheshkhali,tsa1071,ACTIVE,2025-08-14 00:00:00.000,2025-08-14 00:00:00.000
Banshkhali,tsa961,ACTIVE,2025-08-14 00:00:00.000,2025-08-14 00:00:00.000
Anwara,tsa630,ACTIVE,2025-08-14 00:00:00.000,2025-08-14 00:00:00.000
Patiya,tsa631,ACTIVE,2025-08-14 00:00:00.000,2025-08-14 00:00:00.000
Shantirhat,tsa975,ACTIVE,2025-08-14 00:00:00.000,2025-08-14 00:00:00.000
Gulzar,tsa626,ACTIVE,2025-08-14 00:00:00.000,2025-08-14 00:00:00.000
Shopping Complex,tsa624,ACTIVE,2025-08-14 00:00:00.000,2025-08-14 00:00:00.000
Companiganj (CU) 1,tsa969,ACTIVE,2025-08-14 00:00:00.000,2025-08-14 00:00:00.000
Companiganj (CU) 2,tsa924,ACTIVE,2025-08-14 00:00:00.000,2025-08-14 00:00:00.000
Cumilla 4,tsa689,ACTIVE,2025-08-14 00:00:00.000,2025-08-14 00:00:00.000
Cumilla 2,tsa925,ACTIVE,2025-08-14 00:00:00.000,2025-08-14 00:00:00.000
Cumilla 3,tsa968,ACTIVE,2025-08-14 00:00:00.000,2025-08-14 00:00:00.000
Cumilla 1,tsa923,ACTIVE,2025-08-14 00:00:00.000,2025-08-14 00:00:00.000
Dighinala,tsa1047,ACTIVE,2025-08-14 00:00:00.000,2025-08-14 00:00:00.000
Khagrachhari,tsa890,ACTIVE,2025-08-14 00:00:00.000,2025-08-14 00:00:00.000
Nazirhat 2,tsa1044,ACTIVE,2025-08-14 00:00:00.000,2025-08-14 00:00:00.000
Nazirhat 1,tsa668,ACTIVE,2025-08-14 00:00:00.000,2025-08-14 00:00:00.000
Rangamati,tsa671,ACTIVE,2025-08-14 00:00:00.000,2025-08-14 00:00:00.000
Ranirhat,tsa1043,ACTIVE,2025-08-14 00:00:00.000,2025-08-14 00:00:00.000
Hathazari 1,tsa669,ACTIVE,2025-08-14 00:00:00.000,2025-08-14 00:00:00.000
Hathazari 2,tsa670,ACTIVE,2025-08-14 00:00:00.000,2025-08-14 00:00:00.000
Kaptai,tsa1070,ACTIVE,2025-08-14 00:00:00.000,2025-08-14 00:00:00.000
Noapara (CTG),tsa1069,ACTIVE,2025-08-14 00:00:00.000,2025-08-14 00:00:00.000
Bahaddarhat,tsa664,ACTIVE,2025-08-14 00:00:00.000,2025-08-14 00:00:00.000
Oxyzen,tsa663,ACTIVE,2025-08-14 00:00:00.000,2025-08-14 00:00:00.000
Bayezid,tsa886,ACTIVE,2025-08-14 00:00:00.000,2025-08-14 00:00:00.000
Sandwip,tsa1041,ACTIVE,2025-08-14 00:00:00.000,2025-08-14 00:00:00.000
Khulshi,tsa662,ACTIVE,2025-08-14 00:00:00.000,2025-08-14 00:00:00.000
Pahartali,tsa675,ACTIVE,2025-08-14 00:00:00.000,2025-08-14 00:00:00.000
Sitakunda,tsa676,ACTIVE,2025-08-14 00:00:00.000,2025-08-14 00:00:00.000
Agrabad,tsa661,ACTIVE,2025-08-14 00:00:00.000,2025-08-14 00:00:00.000
Halishahar,tsa674,ACTIVE,2025-08-14 00:00:00.000,2025-08-14 00:00:00.000
CTG Port,tsa962,ACTIVE,2025-08-14 00:00:00.000,2025-08-14 00:00:00.000
Bhatiary,tsa928,ACTIVE,2025-08-14 00:00:00.000,2025-08-14 00:00:00.000
EPZ,tsa673,ACTIVE,2025-08-14 00:00:00.000,2025-08-14 00:00:00.000
City Gate,tsa677,ACTIVE,2025-08-14 00:00:00.000,2025-08-14 00:00:00.000
Patenga,tsa672,ACTIVE,2025-08-14 00:00:00.000,2025-08-14 00:00:00.000
Suborno Char,tsa1075,ACTIVE,2025-08-14 00:00:00.000,2025-08-14 00:00:00.000
Chowmuhani 2,TSA976,ACTIVE,2025-08-14 00:00:00.000,2025-08-14 00:00:00.000
Chowmuhani 1,TSA978,ACTIVE,2025-08-14 00:00:00.000,2025-08-14 00:00:00.000
Maijdee 2,tsa1074,ACTIVE,2025-08-14 00:00:00.000,2025-08-14 00:00:00.000
Maijdee 1,TSA977,ACTIVE,2025-08-14 00:00:00.000,2025-08-14 00:00:00.000
Ramgati,tsa1048,ACTIVE,2025-08-14 00:00:00.000,2025-08-14 00:00:00.000
Raipur,tsa965,ACTIVE,2025-08-14 00:00:00.000,2025-08-14 00:00:00.000
Laxmipur,tsa964,ACTIVE,2025-08-14 00:00:00.000,2025-08-14 00:00:00.000
Senbag,tsa897,ACTIVE,2025-08-14 00:00:00.000,2025-08-14 00:00:00.000
Companiganj (FE),tsa1078,ACTIVE,2025-08-14 00:00:00.000,2025-08-14 00:00:00.000
Nangalkot,tsa1042,ACTIVE,2025-08-14 00:00:00.000,2025-08-14 00:00:00.000
Daganbhuiyan,tsa1000,ACTIVE,2025-08-14 00:00:00.000,2025-08-14 00:00:00.000
Sonagazi,tsa1079,ACTIVE,2025-08-14 00:00:00.000,2025-08-14 00:00:00.000
Chatkhil 1,tsa654,ACTIVE,2025-08-14 00:00:00.000,2025-08-14 00:00:00.000
Chatkhil 2,tsa1076,ACTIVE,2025-08-14 00:00:00.000,2025-08-14 00:00:00.000
Chhagalnaiya,tsa1077,ACTIVE,2025-08-14 00:00:00.000,2025-08-14 00:00:00.000
Laksham,tsa686,ACTIVE,2025-08-14 00:00:00.000,2025-08-14 00:00:00.000
Feni 1,tsa636,ACTIVE,2025-08-14 00:00:00.000,2025-08-14 00:00:00.000
Feni 2,tsa930,ACTIVE,2025-08-14 00:00:00.000,2025-08-14 00:00:00.000
Feni 3,tsa929,ACTIVE,2025-08-14 00:00:00.000,2025-08-14 00:00:00.000
New Market,tsa992,ACTIVE,2025-08-14 00:00:00.000,2025-08-14 00:00:00.000
Rahattar Pul,tsa625,ACTIVE,2025-08-14 00:00:00.000,2025-08-14 00:00:00.000
GEC,tsa960,ACTIVE,2025-08-14 00:00:00.000,2025-08-14 00:00:00.000
Dewanhat,tsa627,ACTIVE,2025-08-14 00:00:00.000,2025-08-14 00:00:00.000
Court Road,tsa628,ACTIVE,2025-08-14 00:00:00.000,2025-08-14 00:00:00.000
Kotwali (CTG),tsa892,ACTIVE,2025-08-14 00:00:00.000,2025-08-14 00:00:00.000
Daudkandi 2,tsa693,ACTIVE,2025-08-14 00:00:00.000,2025-08-14 00:00:00.000
Daudkandi 1,tsa694,ACTIVE,2025-08-14 00:00:00.000,2025-08-14 00:00:00.000
Homna,tsa963,ACTIVE,2025-08-14 00:00:00.000,2025-08-14 00:00:00.000
Chandpur 2,tsa927,ACTIVE,2025-08-14 00:00:00.000,2025-08-14 00:00:00.000
Matlab South,tsa1023,ACTIVE,2025-08-14 00:00:00.000,2025-08-14 00:00:00.000
Ramganj,tsa695,ACTIVE,2025-08-14 00:00:00.000,2025-08-14 00:00:00.000
Chandpur 1,tsa632,ACTIVE,2025-08-14 00:00:00.000,2025-08-14 00:00:00.000
Damudda,tsa1049,ACTIVE,2025-08-14 00:00:00.000,2025-08-14 00:00:00.000
Shariatpur,tsa793,ACTIVE,2025-08-14 00:00:00.000,2025-08-14 00:00:00.000
Shibchar,tsa794,ACTIVE,2025-08-14 00:00:00.000,2025-08-14 00:00:00.000
Barishal 2,tsa989,ACTIVE,2025-08-14 00:00:00.000,2025-08-14 00:00:00.000
Barishal 1,tsa974,ACTIVE,2025-08-14 00:00:00.000,2025-08-14 00:00:00.000
Barishal 3,tsa970,ACTIVE,2025-08-14 00:00:00.000,2025-08-14 00:00:00.000
Torky,tsa797,ACTIVE,2025-08-14 00:00:00.000,2025-08-14 00:00:00.000
Vandaria,tsa796,ACTIVE,2025-08-14 00:00:00.000,2025-08-14 00:00:00.000
Patuakhali 1,tsa987,ACTIVE,2025-08-14 00:00:00.000,2025-08-14 00:00:00.000
Patuakhali 2,tsa988,ACTIVE,2025-08-14 00:00:00.000,2025-08-14 00:00:00.000
Gopalganj,tsa790,ACTIVE,2025-08-14 00:00:00.000,2025-08-14 00:00:00.000
Kotalipara,tsa803,ACTIVE,2025-08-14 00:00:00.000,2025-08-14 00:00:00.000
Barguna 1,tsa1050,ACTIVE,2025-08-14 00:00:00.000,2025-08-14 00:00:00.000
Barguna 2,tsa802,ACTIVE,2025-08-14 00:00:00.000,2025-08-14 00:00:00.000
Barishal 4,tsa1024,ACTIVE,2025-08-14 00:00:00.000,2025-08-14 00:00:00.000
Pirojpur,tsa798,ACTIVE,2025-08-14 00:00:00.000,2025-08-14 00:00:00.000
Rajbari 2,tsa786,ACTIVE,2025-08-14 00:00:00.000,2025-08-14 00:00:00.000
Rajbari 1,tsa785,ACTIVE,2025-08-14 00:00:00.000,2025-08-14 00:00:00.000
Pangsha,tsa1065,ACTIVE,2025-08-14 00:00:00.000,2025-08-14 00:00:00.000
Bhanga,tsa789,ACTIVE,2025-08-14 00:00:00.000,2025-08-14 00:00:00.000
Boalmari,tsa788,ACTIVE,2025-08-14 00:00:00.000,2025-08-14 00:00:00.000
Faridpur 1,tsa931,ACTIVE,2025-08-14 00:00:00.000,2025-08-14 00:00:00.000
Faridpur 2,tsa933,ACTIVE,2025-08-14 00:00:00.000,2025-08-14 00:00:00.000
Kanaipur,tsa932,ACTIVE,2025-08-14 00:00:00.000,2025-08-14 00:00:00.000
Sadarpur,tsa1025,ACTIVE,2025-08-14 00:00:00.000,2025-08-14 00:00:00.000
Magura,tsa1001,ACTIVE,2025-08-14 00:00:00.000,2025-08-14 00:00:00.000
Lohagara (KHL),tsa1002,ACTIVE,2025-08-14 00:00:00.000,2025-08-14 00:00:00.000
Narail,tsa784,ACTIVE,2025-08-14 00:00:00.000,2025-08-14 00:00:00.000
Jhenaidah 2,tsa1005,ACTIVE,2025-08-14 00:00:00.000,2025-08-14 00:00:00.000
Jhenaidah 1,tsa1006,ACTIVE,2025-08-14 00:00:00.000,2025-08-14 00:00:00.000
Kaliganj (KHL),tsa778,ACTIVE,2025-08-14 00:00:00.000,2025-08-14 00:00:00.000
Kotchandpur,tsa1007,ACTIVE,2025-08-14 00:00:00.000,2025-08-14 00:00:00.000
Jashore 1,tsa1013,ACTIVE,2025-08-14 00:00:00.000,2025-08-14 00:00:00.000
Jashore 3,tsa1011,ACTIVE,2025-08-14 00:00:00.000,2025-08-14 00:00:00.000
Jashore 2,tsa1012,ACTIVE,2025-08-14 00:00:00.000,2025-08-14 00:00:00.000
Navaron,tsa775,ACTIVE,2025-08-14 00:00:00.000,2025-08-14 00:00:00.000
Noapara (KHL),tsa776,ACTIVE,2025-08-14 00:00:00.000,2025-08-14 00:00:00.000
Monirampur,tsa767,ACTIVE,2025-08-14 00:00:00.000,2025-08-14 00:00:00.000
Kushtia 2,tsa998,ACTIVE,2025-08-14 00:00:00.000,2025-08-14 00:00:00.000
Dolotpur,tsa781,ACTIVE,2025-08-14 00:00:00.000,2025-08-14 00:00:00.000
Kushtia 3,tsa769,ACTIVE,2025-08-14 00:00:00.000,2025-08-14 00:00:00.000
Bheramara,tsa651,ACTIVE,2025-08-14 00:00:00.000,2025-08-14 00:00:00.000
Kushtia 1,tsa652,ACTIVE,2025-08-14 00:00:00.000,2025-08-14 00:00:00.000
Madaripur,tsa791,ACTIVE,2025-08-14 00:00:00.000,2025-08-14 00:00:00.000
Tekerhat,tsa792,ACTIVE,2025-08-14 00:00:00.000,2025-08-14 00:00:00.000
Satkhira 2,tsa770,ACTIVE,2025-08-14 00:00:00.000,2025-08-14 00:00:00.000
Satkhira 1,tsa771,ACTIVE,2025-08-14 00:00:00.000,2025-08-14 00:00:00.000
Parulia,tsa1058,ACTIVE,2025-08-14 00:00:00.000,2025-08-14 00:00:00.000
Khulna 5,tsa1057,ACTIVE,2025-08-14 00:00:00.000,2025-08-14 00:00:00.000
Khulna 3,tsa765,ACTIVE,2025-08-14 00:00:00.000,2025-08-14 00:00:00.000
Khulna 2,tsa1056,ACTIVE,2025-08-14 00:00:00.000,2025-08-14 00:00:00.000
Khulna 4,tsa764,ACTIVE,2025-08-14 00:00:00.000,2025-08-14 00:00:00.000
Khulna 1,tsa763,ACTIVE,2025-08-14 00:00:00.000,2025-08-14 00:00:00.000
Senerbazar,tsa905,ACTIVE,2025-08-14 00:00:00.000,2025-08-14 00:00:00.000
Dumuria,tsa766,ACTIVE,2025-08-14 00:00:00.000,2025-08-14 00:00:00.000
Bagerhat 2,tsa653,ACTIVE,2025-08-14 00:00:00.000,2025-08-14 00:00:00.000
Bagerhat 1,tsa768,ACTIVE,2025-08-14 00:00:00.000,2025-08-14 00:00:00.000
Mongla,tsa617,ACTIVE,2025-08-14 00:00:00.000,2025-08-14 00:00:00.000
Alamdanga,tsa1018,ACTIVE,2025-08-14 00:00:00.000,2025-08-14 00:00:00.000
Chuadanga,tsa1019,ACTIVE,2025-08-14 00:00:00.000,2025-08-14 00:00:00.000
Darshana,tsa1020,ACTIVE,2025-08-14 00:00:00.000,2025-08-14 00:00:00.000
Bamundi,tsa1021,ACTIVE,2025-08-14 00:00:00.000,2025-08-14 00:00:00.000
Meherpur,tsa782,ACTIVE,2025-08-14 00:00:00.000,2025-08-14 00:00:00.000
Bhola,tsa799,ACTIVE,2025-08-14 00:00:00.000,2025-08-14 00:00:00.000
Bangla Bazar,tsa1064,ACTIVE,2025-08-14 00:00:00.000,2025-08-14 00:00:00.000
Char Fasson,tsa1040,ACTIVE,2025-08-14 00:00:00.000,2025-08-14 00:00:00.000
Habiganj,tsa868,ACTIVE,2025-08-14 00:00:00.000,2025-08-14 00:00:00.000
Sayestaganj,tsa871,ACTIVE,2025-08-14 00:00:00.000,2025-08-14 00:00:00.000
Nabiganj,tsa966,ACTIVE,2025-08-14 00:00:00.000,2025-08-14 00:00:00.000
Companiganj (SYL),tsa982,ACTIVE,2025-08-14 00:00:00.000,2025-08-14 00:00:00.000
Goala Bazar,tsa953,ACTIVE,2025-08-14 00:00:00.000,2025-08-14 00:00:00.000
Sylhet Center,tsa658,ACTIVE,2025-08-14 00:00:00.000,2025-08-14 00:00:00.000
Sunamganj 2,tsa845,ACTIVE,2025-08-14 00:00:00.000,2025-08-14 00:00:00.000
Chhatak,tsa846,ACTIVE,2025-08-14 00:00:00.000,2025-08-14 00:00:00.000
Jagannathpur,tsa842,ACTIVE,2025-08-14 00:00:00.000,2025-08-14 00:00:00.000
Sunamganj 1,tsa844,ACTIVE,2025-08-14 00:00:00.000,2025-08-14 00:00:00.000
B. Baria 2,tsa1032,ACTIVE,2025-08-14 00:00:00.000,2025-08-14 00:00:00.000
Kashba,tsa1031,ACTIVE,2025-08-14 00:00:00.000,2025-08-14 00:00:00.000
B. Baria 1,tsa866,ACTIVE,2025-08-14 00:00:00.000,2025-08-14 00:00:00.000
Mymensingh 2,tsa847,ACTIVE,2025-08-14 00:00:00.000,2025-08-14 00:00:00.000
Mymensingh 1,tsa852,ACTIVE,2025-08-14 00:00:00.000,2025-08-14 00:00:00.000
Mymensingh 3,tsa853,ACTIVE,2025-08-14 00:00:00.000,2025-08-14 00:00:00.000
Muktagacha,tsa848,ACTIVE,2025-08-14 00:00:00.000,2025-08-14 00:00:00.000
Phulpur,tsa1035,ACTIVE,2025-08-14 00:00:00.000,2025-08-14 00:00:00.000
Shambhuganj,tsa849,ACTIVE,2025-08-14 00:00:00.000,2025-08-14 00:00:00.000
Bhaluka,tsa850,ACTIVE,2025-08-14 00:00:00.000,2025-08-14 00:00:00.000
Trishal,tsa851,ACTIVE,2025-08-14 00:00:00.000,2025-08-14 00:00:00.000
Gaffargaon,tsa991,ACTIVE,2025-08-14 00:00:00.000,2025-08-14 00:00:00.000
Kishoreganj 2,tsa891,ACTIVE,2025-08-14 00:00:00.000,2025-08-14 00:00:00.000
Kishoreganj 1,tsa922,ACTIVE,2025-08-14 00:00:00.000,2025-08-14 00:00:00.000
Nandail,tsa875,ACTIVE,2025-08-14 00:00:00.000,2025-08-14 00:00:00.000
Katiadi,tsa876,ACTIVE,2025-08-14 00:00:00.000,2025-08-14 00:00:00.000
Akhaura,tsa1016,ACTIVE,2025-08-14 00:00:00.000,2025-08-14 00:00:00.000
Nabinagar,tsa967,ACTIVE,2025-08-14 00:00:00.000,2025-08-14 00:00:00.000
Madhabpur,tsa869,ACTIVE,2025-08-14 00:00:00.000,2025-08-14 00:00:00.000
Bakshiganj,tsa995,ACTIVE,2025-08-14 00:00:00.000,2025-08-14 00:00:00.000
Islampur,tsa859,ACTIVE,2025-08-14 00:00:00.000,2025-08-14 00:00:00.000
Jamalpur 1,tsa857,ACTIVE,2025-08-14 00:00:00.000,2025-08-14 00:00:00.000
Jamalpur 2,tsa858,ACTIVE,2025-08-14 00:00:00.000,2025-08-14 00:00:00.000
Nakla,tsa641,ACTIVE,2025-08-14 00:00:00.000,2025-08-14 00:00:00.000
Sherpur 1,tsa996,ACTIVE,2025-08-14 00:00:00.000,2025-08-14 00:00:00.000
Sherpur 2,tsa997,ACTIVE,2025-08-14 00:00:00.000,2025-08-14 00:00:00.000
Durgapur (SYL),tsa936,ACTIVE,2025-08-14 00:00:00.000,2025-08-14 00:00:00.000
Netrokona 1,tsa860,ACTIVE,2025-08-14 00:00:00.000,2025-08-14 00:00:00.000
Netrokona 2,tsa861,ACTIVE,2025-08-14 00:00:00.000,2025-08-14 00:00:00.000
Bhairab 2,tsa1017,ACTIVE,2025-08-14 00:00:00.000,2025-08-14 00:00:00.000
Bhairab 1,tsa877,ACTIVE,2025-08-14 00:00:00.000,2025-08-14 00:00:00.000
Narsingdi 2,tsa955,ACTIVE,2025-08-14 00:00:00.000,2025-08-14 00:00:00.000
Narsingdi 1,tsa956,ACTIVE,2025-08-14 00:00:00.000,2025-08-14 00:00:00.000
Ghorashal,tsa881,ACTIVE,2025-08-14 00:00:00.000,2025-08-14 00:00:00.000
Monohardi,tsa1055,ACTIVE,2025-08-14 00:00:00.000,2025-08-14 00:00:00.000
Madhabdi,tsa957,ACTIVE,2025-08-14 00:00:00.000,2025-08-14 00:00:00.000
Moulvibazar,tsa872,ACTIVE,2025-08-14 00:00:00.000,2025-08-14 00:00:00.000
Sreemangal,tsa873,ACTIVE,2025-08-14 00:00:00.000,2025-08-14 00:00:00.000
Kulaura,tsa863,ACTIVE,2025-08-14 00:00:00.000,2025-08-14 00:00:00.000
Beanibazar,tsa867,ACTIVE,2025-08-14 00:00:00.000,2025-08-14 00:00:00.000
Sylhet North,tsa837,ACTIVE,2025-08-14 00:00:00.000,2025-08-14 00:00:00.000
Sylhet West,tsa899,ACTIVE,2025-08-14 00:00:00.000,2025-08-14 00:00:00.000
Sylhet Outer,tsa984,ACTIVE,2025-08-14 00:00:00.000,2025-08-14 00:00:00.000
Sylhet East,tsa983,ACTIVE,2025-08-14 00:00:00.000,2025-08-14 00:00:00.000
Sout Surma,tsa659,ACTIVE,2025-08-14 00:00:00.000,2025-08-14 00:00:00.000
Golapganj,tsa836,ACTIVE,2025-08-14 00:00:00.000,2025-08-14 00:00:00.000
Zakiganj,tsa954,ACTIVE,2025-08-14 00:00:00.000,2025-08-14 00:00:00.000
Masterbari,tsa1036,ACTIVE,2025-08-14 00:00:00.000,2025-08-14 00:00:00.000
Chauddagram,tsa690,ACTIVE,2025-08-14 00:00:00.000,2025-08-14 00:00:00.000
Shaharasti 2,tsa1053,ACTIVE,2025-08-14 00:00:00.000,2025-08-14 00:00:00.000
Shaharasti 1,tsa926,ACTIVE,2025-08-14 00:00:00.000,2025-08-14 00:00:00.000
Barura,tsa1073,ACTIVE,2025-08-14 00:00:00.000,2025-08-14 00:00:00.000
Hemayetpur,tsa990,ACTIVE,2025-08-14 00:00:00.000,2025-08-14 00:00:00.000
Tangail 1,tsa724,ACTIVE,2025-08-14 00:00:00.000,2025-08-14 00:00:00.000
Bogura 1,tsa937,ACTIVE,2025-08-14 00:00:00.000,2025-08-14 00:00:00.000
Bogura 4,tsa934,ACTIVE,2025-08-14 00:00:00.000,2025-08-14 00:00:00.000
Bogura 5,tsa939,ACTIVE,2025-08-14 00:00:00.000,2025-08-14 00:00:00.000
Bogura 3,tsa935,ACTIVE,2025-08-14 00:00:00.000,2025-08-14 00:00:00.000
Bogura 2,tsa938,ACTIVE,2025-08-14 00:00:00.000,2025-08-14 00:00:00.000
Sherpur (RAJ),tsa940,ACTIVE,2025-08-14 00:00:00.000,2025-08-14 00:00:00.000
Nandigram,tsa941,ACTIVE,2025-08-14 00:00:00.000,2025-08-14 00:00:00.000
Ullahpara,tsa900,ACTIVE,2025-08-14 00:00:00.000,2025-08-14 00:00:00.000
Sirajganj,tsa999,ACTIVE,2025-08-14 00:00:00.000,2025-08-14 00:00:00.000
Hatikumrul,tsa825,ACTIVE,2025-08-14 00:00:00.000,2025-08-14 00:00:00.000
Belkuchi,tsa619,ACTIVE,2025-08-14 00:00:00.000,2025-08-14 00:00:00.000
Ishwardi,tsa1022,ACTIVE,2025-08-14 00:00:00.000,2025-08-14 00:00:00.000
Chatmohar,tsa1066,ACTIVE,2025-08-14 00:00:00.000,2025-08-14 00:00:00.000
Pabna 2,tsa980,ACTIVE,2025-08-14 00:00:00.000,2025-08-14 00:00:00.000
Pabna 1,tsa649,ACTIVE,2025-08-14 00:00:00.000,2025-08-14 00:00:00.000
Kashinathpur,tsa648,ACTIVE,2025-08-14 00:00:00.000,2025-08-14 00:00:00.000
Naogaon 2,tsa805,ACTIVE,2025-08-14 00:00:00.000,2025-08-14 00:00:00.000
Naogaon 1,tsa804,ACTIVE,2025-08-14 00:00:00.000,2025-08-14 00:00:00.000
Manda,tsa947,ACTIVE,2025-08-14 00:00:00.000,2025-08-14 00:00:00.000
Rajshahi 1,tsa807,ACTIVE,2025-08-14 00:00:00.000,2025-08-14 00:00:00.000
Rajshahi 3,tsa808,ACTIVE,2025-08-14 00:00:00.000,2025-08-14 00:00:00.000
Rajshahi 2,tsa806,ACTIVE,2025-08-14 00:00:00.000,2025-08-14 00:00:00.000
Kasore,tsa948,ACTIVE,2025-08-14 00:00:00.000,2025-08-14 00:00:00.000
Rajshahi 6,tsa895,ACTIVE,2025-08-14 00:00:00.000,2025-08-14 00:00:00.000
Rajshahi 5,tsa810,ACTIVE,2025-08-14 00:00:00.000,2025-08-14 00:00:00.000
Natore 1,tsa814,ACTIVE,2025-08-14 00:00:00.000,2025-08-14 00:00:00.000
Natore 2,tsa813,ACTIVE,2025-08-14 00:00:00.000,2025-08-14 00:00:00.000
Chapai 1,tsa811,ACTIVE,2025-08-14 00:00:00.000,2025-08-14 00:00:00.000
Chapai 2,tsa812,ACTIVE,2025-08-14 00:00:00.000,2025-08-14 00:00:00.000
Rohanpur,tsa949,ACTIVE,2025-08-14 00:00:00.000,2025-08-14 00:00:00.000
Rajshahi 4,tsa809,ACTIVE,2025-08-14 00:00:00.000,2025-08-14 00:00:00.000
Puthia,tsa647,ACTIVE,2025-08-14 00:00:00.000,2025-08-14 00:00:00.000
Palashbari,tsa1028,ACTIVE,2025-08-14 00:00:00.000,2025-08-14 00:00:00.000
Gaibandha,tsa830,ACTIVE,2025-08-14 00:00:00.000,2025-08-14 00:00:00.000
Sundarganj,tsa640,ACTIVE,2025-08-14 00:00:00.000,2025-08-14 00:00:00.000
Bonarpara,tsa829,ACTIVE,2025-08-14 00:00:00.000,2025-08-14 00:00:00.000
Dinajpur 2,tsa1067,ACTIVE,2025-08-14 00:00:00.000,2025-08-14 00:00:00.000
Dinajpur 1,tsa832,ACTIVE,2025-08-14 00:00:00.000,2025-08-14 00:00:00.000
Fulbari,tsa1051,ACTIVE,2025-08-14 00:00:00.000,2025-08-14 00:00:00.000
Birampur,tsa833,ACTIVE,2025-08-14 00:00:00.000,2025-08-14 00:00:00.000
Birganj,tsa831,ACTIVE,2025-08-14 00:00:00.000,2025-08-14 00:00:00.000
Setabganj,tsa903,ACTIVE,2025-08-14 00:00:00.000,2025-08-14 00:00:00.000
Joypurhat 1,tsa950,ACTIVE,2025-08-14 00:00:00.000,2025-08-14 00:00:00.000
Joypurhat 2,tsa952,ACTIVE,2025-08-14 00:00:00.000,2025-08-14 00:00:00.000
Panchbibi,tsa951,ACTIVE,2025-08-14 00:00:00.000,2025-08-14 00:00:00.000
Mokamtola,tsa1004,ACTIVE,2025-08-14 00:00:00.000,2025-08-14 00:00:00.000
Gobindaganj,tsa1027,ACTIVE,2025-08-14 00:00:00.000,2025-08-14 00:00:00.000
Panchagarh 3,tsa1052,ACTIVE,2025-08-14 00:00:00.000,2025-08-14 00:00:00.000
Thakurgaon,tsa834,ACTIVE,2025-08-14 00:00:00.000,2025-08-14 00:00:00.000
Panchagarh 2,tsa901,ACTIVE,2025-08-14 00:00:00.000,2025-08-14 00:00:00.000
Ranisankail,tsa639,ACTIVE,2025-08-14 00:00:00.000,2025-08-14 00:00:00.000
Panchagarh 1,tsa835,ACTIVE,2025-08-14 00:00:00.000,2025-08-14 00:00:00.000
Rangpur 2,tsa942,ACTIVE,2025-08-14 00:00:00.000,2025-08-14 00:00:00.000
Kaunia,tsa943,ACTIVE,2025-08-14 00:00:00.000,2025-08-14 00:00:00.000
Rangpur 1,tsa1009,ACTIVE,2025-08-14 00:00:00.000,2025-08-14 00:00:00.000
Rangpur 3,tsa1030,ACTIVE,2025-08-14 00:00:00.000,2025-08-14 00:00:00.000
Gangachara,tsa1008,ACTIVE,2025-08-14 00:00:00.000,2025-08-14 00:00:00.000
Badarganj,tsa1010,ACTIVE,2025-08-14 00:00:00.000,2025-08-14 00:00:00.000
Saidpur 1,tsa896,ACTIVE,2025-08-14 00:00:00.000,2025-08-14 00:00:00.000
Saidpur 2,tsa820,ACTIVE,2025-08-14 00:00:00.000,2025-08-14 00:00:00.000
Jaldhaka,tsa821,ACTIVE,2025-08-14 00:00:00.000,2025-08-14 00:00:00.000
Nilphamari,tsa944,ACTIVE,2025-08-14 00:00:00.000,2025-08-14 00:00:00.000
Domar,tsa1068,ACTIVE,2025-08-14 00:00:00.000,2025-08-14 00:00:00.000
Kurigram,tsa945,ACTIVE,2025-08-14 00:00:00.000,2025-08-14 00:00:00.000
Ulipur,tsa1029,ACTIVE,2025-08-14 00:00:00.000,2025-08-14 00:00:00.000
Nageswari,tsa946,ACTIVE,2025-08-14 00:00:00.000,2025-08-14 00:00:00.000
Lalmonirhat,tsa824,ACTIVE,2025-08-14 00:00:00.000,2025-08-14 00:00:00.000
Kaliganj (RAJ),tsa823,ACTIVE,2025-08-14 00:00:00.000,2025-08-14 00:00:00.000
Hatibandha,tsa638,ACTIVE,2025-08-14 00:00:00.000,2025-08-14 00:00:00.000
Shotibari,tsa1026,ACTIVE,2025-08-14 00:00:00.000,2025-08-14 00:00:00.000
