id,name,unique_code,status,created_at,updated_at
1,Tongi 2,tsa919,ACTIVE,2025-08-14 00:00:00.000,2025-08-14 00:00:00.000
2,Sector-4,tsa757,ACTIVE,2025-08-14 00:00:00.000,2025-08-14 00:00:00.000
3,Uttara 2,tsa761,ACTIVE,2025-08-14 00:00:00.000,2025-08-14 00:00:00.000
4,Tongi 1,tsa920,ACTIVE,2025-08-14 00:00:00.000,2025-08-14 00:00:00.000
5,Tongi 3,tsa918,ACTIVE,2025-08-14 00:00:00.000,2025-08-14 00:00:00.000
6,Kaliganj (DW),tsa921,ACTIVE,2025-08-14 00:00:00.000,2025-08-14 00:00:00.000
7,Uttara 3,tsa870,ACTIVE,2025-08-14 00:00:00.000,2025-08-14 00:00:00.000
8,Khilkhet,tsa756,ACTIVE,2025-08-14 00:00:00.000,2025-08-14 00:00:00.000
9,Nikunja,tsa760,ACTIVE,2025-08-14 00:00:00.000,2025-08-14 00:00:00.000
10,Uttara 1,tsa759,ACTIVE,2025-08-14 00:00:00.000,2025-08-14 00:00:00.000
11,Savar 2,tsa713,ACTIVE,2025-08-14 00:00:00.000,2025-08-14 00:00:00.000
12,Singair,tsa878,ACTIVE,2025-08-14 00:00:00.000,2025-08-14 00:00:00.000
13,Joydebpur 1,tsa916,ACTIVE,2025-08-14 00:00:00.000,2025-08-14 00:00:00.000
14,Joydebpur 2,tsa718,ACTIVE,2025-08-14 00:00:00.000,2025-08-14 00:00:00.000
15,Shafipur 1,tsa720,ACTIVE,2025-08-14 00:00:00.000,2025-08-14 00:00:00.000
16,Shafipur 3,tsa1039,ACTIVE,2025-08-14 00:00:00.000,2025-08-14 00:00:00.000
17,Shafipur 2,tsa719,ACTIVE,2025-08-14 00:00:00.000,2025-08-14 00:00:00.000
18,Mawna,tsa721,ACTIVE,2025-08-14 00:00:00.000,2025-08-14 00:00:00.000
19,Kapasia,tsa722,ACTIVE,2025-08-14 00:00:00.000,2025-08-14 00:00:00.000
20,Tangail 3,tsa1062,ACTIVE,2025-08-14 00:00:00.000,2025-08-14 00:00:00.000
21,Ghatail,tsa1038,ACTIVE,2025-08-14 00:00:00.000,2025-08-14 00:00:00.000
22,Mirzapur,tsa726,ACTIVE,2025-08-14 00:00:00.000,2025-08-14 00:00:00.000
23,Sakhipur (DN),tsa725,ACTIVE,2025-08-14 00:00:00.000,2025-08-14 00:00:00.000
24,Sarishabari,tsa727,ACTIVE,2025-08-14 00:00:00.000,2025-08-14 00:00:00.000
25,Tangail 2,tsa723,ACTIVE,2025-08-14 00:00:00.000,2025-08-14 00:00:00.000
26,Madhupur,tsa1015,ACTIVE,2025-08-14 00:00:00.000,2025-08-14 00:00:00.000
27,DEPZ 2,tsa714,ACTIVE,2025-08-14 00:00:00.000,2025-08-14 00:00:00.000
28,DEPZ 1,tsa715,ACTIVE,2025-08-14 00:00:00.000,2025-08-14 00:00:00.000
29,Dhamrai,tsa882,ACTIVE,2025-08-14 00:00:00.000,2025-08-14 00:00:00.000
30,Zirani,tsa915,ACTIVE,2025-08-14 00:00:00.000,2025-08-14 00:00:00.000
31,Manikganj,tsa762,ACTIVE,2025-08-14 00:00:00.000,2025-08-14 00:00:00.000
32,Mohadevpur (DW),tsa716,ACTIVE,2025-08-14 00:00:00.000,2025-08-14 00:00:00.000
33,Savar 1,tsa712,ACTIVE,2025-08-14 00:00:00.000,2025-08-14 00:00:00.000
34,Zirabo 2,tsa1054,ACTIVE,2025-08-14 00:00:00.000,2025-08-14 00:00:00.000
35,Zirabo 1,tsa711,ACTIVE,2025-08-14 00:00:00.000,2025-08-14 00:00:00.000
36,Board Bazar,tsa751,ACTIVE,2025-08-14 00:00:00.000,2025-08-14 00:00:00.000
37,Mazar Chowrasta,tsa758,ACTIVE,2025-08-14 00:00:00.000,2025-08-14 00:00:00.000
38,Mirer Bazar,tsa1063,ACTIVE,2025-08-14 00:00:00.000,2025-08-14 00:00:00.000
39,Bashon,tsa917,ACTIVE,2025-08-14 00:00:00.000,2025-08-14 00:00:00.000
40,Pallabi,tsa621,ACTIVE,2025-08-14 00:00:00.000,2025-08-14 00:00:00.000
41,Motijheel 1,tsa705,ACTIVE,2025-08-14 00:00:00.000,2025-08-14 00:00:00.000
42,Motijheel 3,tsa893,ACTIVE,2025-08-14 00:00:00.000,2025-08-14 00:00:00.000
43,Motijheel 4,tsa1060,ACTIVE,2025-08-14 00:00:00.000,2025-08-14 00:00:00.000
44,Motijheel 2,tsa709,ACTIVE,2025-08-14 00:00:00.000,2025-08-14 00:00:00.000
45,Jatrabari,tsa704,ACTIVE,2025-08-14 00:00:00.000,2025-08-14 00:00:00.000
46,Mogbazar,tsa708,ACTIVE,2025-08-14 00:00:00.000,2025-08-14 00:00:00.000
47,Tejgaon,tsa706,ACTIVE,2025-08-14 00:00:00.000,2025-08-14 00:00:00.000
48,Rampura,tsa707,ACTIVE,2025-08-14 00:00:00.000,2025-08-14 00:00:00.000
49,Narayanganj 1,tsa748,ACTIVE,2025-08-14 00:00:00.000,2025-08-14 00:00:00.000
50,Narayanganj 2,tsa747,ACTIVE,2025-08-14 00:00:00.000,2025-08-14 00:00:00.000
51,Nabiganj (DE),tsa1014,ACTIVE,2025-08-14 00:00:00.000,2025-08-14 00:00:00.000
52,Madanpur,tsa749,ACTIVE,2025-08-14 00:00:00.000,2025-08-14 00:00:00.000
53,Jurain 1,tsa750,ACTIVE,2025-08-14 00:00:00.000,2025-08-14 00:00:00.000
54,Jurain 2,tsa1061,ACTIVE,2025-08-14 00:00:00.000,2025-08-14 00:00:00.000
55,Sutrapur 2,tsa1037,ACTIVE,2025-08-14 00:00:00.000,2025-08-14 00:00:00.000
56,Sutrapur 1,tsa736,ACTIVE,2025-08-14 00:00:00.000,2025-08-14 00:00:00.000
57,Moulvibazar (DHK),tsa737,ACTIVE,2025-08-14 00:00:00.000,2025-08-14 00:00:00.000
58,Keraniganj,tsa738,ACTIVE,2025-08-14 00:00:00.000,2025-08-14 00:00:00.000
59,Zinzera,tsa979,ACTIVE,2025-08-14 00:00:00.000,2025-08-14 00:00:00.000
60,Nawabganj,tsa909,ACTIVE,2025-08-14 00:00:00.000,2025-08-14 00:00:00.000
61,Sreenagar,tsa910,ACTIVE,2025-08-14 00:00:00.000,2025-08-14 00:00:00.000
62,Taltola,tsa981,ACTIVE,2025-08-14 00:00:00.000,2025-08-14 00:00:00.000
63,New Market (DHK),tsa728,ACTIVE,2025-08-14 00:00:00.000,2025-08-14 00:00:00.000
64,Kuril,tsa698,ACTIVE,2025-08-14 00:00:00.000,2025-08-14 00:00:00.000
65,Badda,tsa906,ACTIVE,2025-08-14 00:00:00.000,2025-08-14 00:00:00.000
66,Vatara,tsa702,ACTIVE,2025-08-14 00:00:00.000,2025-08-14 00:00:00.000
67,Pirerbag,tsa913,ACTIVE,2025-08-14 00:00:00.000,2025-08-14 00:00:00.000
68,Kazipara,tsa622,ACTIVE,2025-08-14 00:00:00.000,2025-08-14 00:00:00.000
69,Bhasantek,tsa914,ACTIVE,2025-08-14 00:00:00.000,2025-08-14 00:00:00.000
70,Rupnagar,tsa985,ACTIVE,2025-08-14 00:00:00.000,2025-08-14 00:00:00.000
71,Gabtoli,tsa697,ACTIVE,2025-08-14 00:00:00.000,2025-08-14 00:00:00.000
72,Khilgaon,tsa986,ACTIVE,2025-08-14 00:00:00.000,2025-08-14 00:00:00.000
73,Banasree,tsa710,ACTIVE,2025-08-14 00:00:00.000,2025-08-14 00:00:00.000
74,Gulshan,tsa700,ACTIVE,2025-08-14 00:00:00.000,2025-08-14 00:00:00.000
75,Banani,tsa699,ACTIVE,2025-08-14 00:00:00.000,2025-08-14 00:00:00.000
76,Neketon,tsa701,ACTIVE,2025-08-14 00:00:00.000,2025-08-14 00:00:00.000
77,Ati Bazar,tsa908,ACTIVE,2025-08-14 00:00:00.000,2025-08-14 00:00:00.000
78,Kamrangirchar,tsa993,ACTIVE,2025-08-14 00:00:00.000,2025-08-14 00:00:00.000
79,Narinda,tsa733,ACTIVE,2025-08-14 00:00:00.000,2025-08-14 00:00:00.000
80,Bongshal,tsa973,ACTIVE,2025-08-14 00:00:00.000,2025-08-14 00:00:00.000
81,Narayanganj 3,tsa1033,ACTIVE,2025-08-14 00:00:00.000,2025-08-14 00:00:00.000
82,Adamji,tsa911,ACTIVE,2025-08-14 00:00:00.000,2025-08-14 00:00:00.000
83,Munshiganj 1,tsa912,ACTIVE,2025-08-14 00:00:00.000,2025-08-14 00:00:00.000
84,Munshiganj 2,tsa1034,ACTIVE,2025-08-14 00:00:00.000,2025-08-14 00:00:00.000
85,Bongobazar,tsa972,ACTIVE,2025-08-14 00:00:00.000,2025-08-14 00:00:00.000
86,Kalabagan,tsa741,ACTIVE,2025-08-14 00:00:00.000,2025-08-14 00:00:00.000
87,Karwanbazar,tsa742,ACTIVE,2025-08-14 00:00:00.000,2025-08-14 00:00:00.000
88,Dhanmondi,tsa745,ACTIVE,2025-08-14 00:00:00.000,2025-08-14 00:00:00.000
89,Agargaon,tsa884,ACTIVE,2025-08-14 00:00:00.000,2025-08-14 00:00:00.000
90,Shyamoli,tsa907,ACTIVE,2025-08-14 00:00:00.000,2025-08-14 00:00:00.000
91,Lalmatia,tsa744,ACTIVE,2025-08-14 00:00:00.000,2025-08-14 00:00:00.000
92,Mohammadpur,tsa746,ACTIVE,2025-08-14 00:00:00.000,2025-08-14 00:00:00.000
93,Fatullah 2,tsa1003,ACTIVE,2025-08-14 00:00:00.000,2025-08-14 00:00:00.000
94,Fatullah 1,tsa971,ACTIVE,2025-08-14 00:00:00.000,2025-08-14 00:00:00.000
95,Gendaria,tsa994,ACTIVE,2025-08-14 00:00:00.000,2025-08-14 00:00:00.000
96,Old Town,tsa734,ACTIVE,2025-08-14 00:00:00.000,2025-08-14 00:00:00.000
97,Chawkbazar,tsa732,ACTIVE,2025-08-14 00:00:00.000,2025-08-14 00:00:00.000
98,Lalbagh,tsa730,ACTIVE,2025-08-14 00:00:00.000,2025-08-14 00:00:00.000
99,Azimpur,tsa885,ACTIVE,2025-08-14 00:00:00.000,2025-08-14 00:00:00.000
100,Bosila,tsa841,ACTIVE,2025-08-14 00:00:00.000,2025-08-14 00:00:00.000
101,Bhulta,tsa1059,ACTIVE,2025-08-14 00:00:00.000,2025-08-14 00:00:00.000
102,Matuail,tsa703,ACTIVE,2025-08-14 00:00:00.000,2025-08-14 00:00:00.000
103,Khanhat,tsa1046,ACTIVE,2025-08-14 00:00:00.000,2025-08-14 00:00:00.000
104,Keranihat,tsa678,ACTIVE,2025-08-14 00:00:00.000,2025-08-14 00:00:00.000
105,Lohagara (CTG),tsa684,ACTIVE,2025-08-14 00:00:00.000,2025-08-14 00:00:00.000
106,Chakaria 2,tsa1072,ACTIVE,2025-08-14 00:00:00.000,2025-08-14 00:00:00.000
107,Chakaria 1,tsa683,ACTIVE,2025-08-14 00:00:00.000,2025-08-14 00:00:00.000
108,Ramu,tsa1045,ACTIVE,2025-08-14 00:00:00.000,2025-08-14 00:00:00.000
109,Ukhia,tsa682,ACTIVE,2025-08-14 00:00:00.000,2025-08-14 00:00:00.000
110,Cox's Bazar 1,tsa959,ACTIVE,2025-08-14 00:00:00.000,2025-08-14 00:00:00.000
111,Cox's Bazar 2,tsa958,ACTIVE,2025-08-14 00:00:00.000,2025-08-14 00:00:00.000
112,Moheshkhali,tsa1071,ACTIVE,2025-08-14 00:00:00.000,2025-08-14 00:00:00.000
113,Banshkhali,tsa961,ACTIVE,2025-08-14 00:00:00.000,2025-08-14 00:00:00.000
114,Anwara,tsa630,ACTIVE,2025-08-14 00:00:00.000,2025-08-14 00:00:00.000
115,Patiya,tsa631,ACTIVE,2025-08-14 00:00:00.000,2025-08-14 00:00:00.000
116,Shantirhat,tsa975,ACTIVE,2025-08-14 00:00:00.000,2025-08-14 00:00:00.000
117,Gulzar,tsa626,ACTIVE,2025-08-14 00:00:00.000,2025-08-14 00:00:00.000
118,Shopping Complex,tsa624,ACTIVE,2025-08-14 00:00:00.000,2025-08-14 00:00:00.000
119,Companiganj (CU) 1,tsa969,ACTIVE,2025-08-14 00:00:00.000,2025-08-14 00:00:00.000
120,Companiganj (CU) 2,tsa924,ACTIVE,2025-08-14 00:00:00.000,2025-08-14 00:00:00.000
121,Cumilla 4,tsa689,ACTIVE,2025-08-14 00:00:00.000,2025-08-14 00:00:00.000
122,Cumilla 2,tsa925,ACTIVE,2025-08-14 00:00:00.000,2025-08-14 00:00:00.000
123,Cumilla 3,tsa968,ACTIVE,2025-08-14 00:00:00.000,2025-08-14 00:00:00.000
124,Cumilla 1,tsa923,ACTIVE,2025-08-14 00:00:00.000,2025-08-14 00:00:00.000
125,Dighinala,tsa1047,ACTIVE,2025-08-14 00:00:00.000,2025-08-14 00:00:00.000
126,Khagrachhari,tsa890,ACTIVE,2025-08-14 00:00:00.000,2025-08-14 00:00:00.000
127,Nazirhat 2,tsa1044,ACTIVE,2025-08-14 00:00:00.000,2025-08-14 00:00:00.000
128,Nazirhat 1,tsa668,ACTIVE,2025-08-14 00:00:00.000,2025-08-14 00:00:00.000
129,Rangamati,tsa671,ACTIVE,2025-08-14 00:00:00.000,2025-08-14 00:00:00.000
130,Ranirhat,tsa1043,ACTIVE,2025-08-14 00:00:00.000,2025-08-14 00:00:00.000
131,Hathazari 1,tsa669,ACTIVE,2025-08-14 00:00:00.000,2025-08-14 00:00:00.000
132,Hathazari 2,tsa670,ACTIVE,2025-08-14 00:00:00.000,2025-08-14 00:00:00.000
133,Kaptai,tsa1070,ACTIVE,2025-08-14 00:00:00.000,2025-08-14 00:00:00.000
134,Noapara (CTG),tsa1069,ACTIVE,2025-08-14 00:00:00.000,2025-08-14 00:00:00.000
135,Bahaddarhat,tsa664,ACTIVE,2025-08-14 00:00:00.000,2025-08-14 00:00:00.000
136,Oxyzen,tsa663,ACTIVE,2025-08-14 00:00:00.000,2025-08-14 00:00:00.000
137,Bayezid,tsa886,ACTIVE,2025-08-14 00:00:00.000,2025-08-14 00:00:00.000
138,Sandwip,tsa1041,ACTIVE,2025-08-14 00:00:00.000,2025-08-14 00:00:00.000
139,Khulshi,tsa662,ACTIVE,2025-08-14 00:00:00.000,2025-08-14 00:00:00.000
140,Pahartali,tsa675,ACTIVE,2025-08-14 00:00:00.000,2025-08-14 00:00:00.000
141,Sitakunda,tsa676,ACTIVE,2025-08-14 00:00:00.000,2025-08-14 00:00:00.000
142,Agrabad,tsa661,ACTIVE,2025-08-14 00:00:00.000,2025-08-14 00:00:00.000
143,Halishahar,tsa674,ACTIVE,2025-08-14 00:00:00.000,2025-08-14 00:00:00.000
144,CTG Port,tsa962,ACTIVE,2025-08-14 00:00:00.000,2025-08-14 00:00:00.000
145,Bhatiary,tsa928,ACTIVE,2025-08-14 00:00:00.000,2025-08-14 00:00:00.000
146,EPZ,tsa673,ACTIVE,2025-08-14 00:00:00.000,2025-08-14 00:00:00.000
147,City Gate,tsa677,ACTIVE,2025-08-14 00:00:00.000,2025-08-14 00:00:00.000
148,Patenga,tsa672,ACTIVE,2025-08-14 00:00:00.000,2025-08-14 00:00:00.000
149,Suborno Char,tsa1075,ACTIVE,2025-08-14 00:00:00.000,2025-08-14 00:00:00.000
150,Chowmuhani 2,TSA976,ACTIVE,2025-08-14 00:00:00.000,2025-08-14 00:00:00.000
151,Chowmuhani 1,TSA978,ACTIVE,2025-08-14 00:00:00.000,2025-08-14 00:00:00.000
152,Maijdee 2,tsa1074,ACTIVE,2025-08-14 00:00:00.000,2025-08-14 00:00:00.000
153,Maijdee 1,TSA977,ACTIVE,2025-08-14 00:00:00.000,2025-08-14 00:00:00.000
154,Ramgati,tsa1048,ACTIVE,2025-08-14 00:00:00.000,2025-08-14 00:00:00.000
155,Raipur,tsa965,ACTIVE,2025-08-14 00:00:00.000,2025-08-14 00:00:00.000
156,Laxmipur,tsa964,ACTIVE,2025-08-14 00:00:00.000,2025-08-14 00:00:00.000
157,Senbag,tsa897,ACTIVE,2025-08-14 00:00:00.000,2025-08-14 00:00:00.000
158,Companiganj (FE),tsa1078,ACTIVE,2025-08-14 00:00:00.000,2025-08-14 00:00:00.000
159,Nangalkot,tsa1042,ACTIVE,2025-08-14 00:00:00.000,2025-08-14 00:00:00.000
160,Daganbhuiyan,tsa1000,ACTIVE,2025-08-14 00:00:00.000,2025-08-14 00:00:00.000
161,Sonagazi,tsa1079,ACTIVE,2025-08-14 00:00:00.000,2025-08-14 00:00:00.000
162,Chatkhil 1,tsa654,ACTIVE,2025-08-14 00:00:00.000,2025-08-14 00:00:00.000
163,Chatkhil 2,tsa1076,ACTIVE,2025-08-14 00:00:00.000,2025-08-14 00:00:00.000
164,Chhagalnaiya,tsa1077,ACTIVE,2025-08-14 00:00:00.000,2025-08-14 00:00:00.000
165,Laksham,tsa686,ACTIVE,2025-08-14 00:00:00.000,2025-08-14 00:00:00.000
166,Feni 1,tsa636,ACTIVE,2025-08-14 00:00:00.000,2025-08-14 00:00:00.000
167,Feni 2,tsa930,ACTIVE,2025-08-14 00:00:00.000,2025-08-14 00:00:00.000
168,Feni 3,tsa929,ACTIVE,2025-08-14 00:00:00.000,2025-08-14 00:00:00.000
169,New Market,tsa992,ACTIVE,2025-08-14 00:00:00.000,2025-08-14 00:00:00.000
170,Rahattar Pul,tsa625,ACTIVE,2025-08-14 00:00:00.000,2025-08-14 00:00:00.000
171,GEC,tsa960,ACTIVE,2025-08-14 00:00:00.000,2025-08-14 00:00:00.000
172,Dewanhat,tsa627,ACTIVE,2025-08-14 00:00:00.000,2025-08-14 00:00:00.000
173,Court Road,tsa628,ACTIVE,2025-08-14 00:00:00.000,2025-08-14 00:00:00.000
174,Kotwali (CTG),tsa892,ACTIVE,2025-08-14 00:00:00.000,2025-08-14 00:00:00.000
175,Daudkandi 2,tsa693,ACTIVE,2025-08-14 00:00:00.000,2025-08-14 00:00:00.000
176,Daudkandi 1,tsa694,ACTIVE,2025-08-14 00:00:00.000,2025-08-14 00:00:00.000
177,Homna,tsa963,ACTIVE,2025-08-14 00:00:00.000,2025-08-14 00:00:00.000
178,Chandpur 2,tsa927,ACTIVE,2025-08-14 00:00:00.000,2025-08-14 00:00:00.000
179,Matlab South,tsa1023,ACTIVE,2025-08-14 00:00:00.000,2025-08-14 00:00:00.000
180,Ramganj,tsa695,ACTIVE,2025-08-14 00:00:00.000,2025-08-14 00:00:00.000
181,Chandpur 1,tsa632,ACTIVE,2025-08-14 00:00:00.000,2025-08-14 00:00:00.000
182,Damudda,tsa1049,ACTIVE,2025-08-14 00:00:00.000,2025-08-14 00:00:00.000
183,Shariatpur,tsa793,ACTIVE,2025-08-14 00:00:00.000,2025-08-14 00:00:00.000
184,Shibchar,tsa794,ACTIVE,2025-08-14 00:00:00.000,2025-08-14 00:00:00.000
185,Barishal 2,tsa989,ACTIVE,2025-08-14 00:00:00.000,2025-08-14 00:00:00.000
186,Barishal 1,tsa974,ACTIVE,2025-08-14 00:00:00.000,2025-08-14 00:00:00.000
187,Barishal 3,tsa970,ACTIVE,2025-08-14 00:00:00.000,2025-08-14 00:00:00.000
188,Torky,tsa797,ACTIVE,2025-08-14 00:00:00.000,2025-08-14 00:00:00.000
189,Vandaria,tsa796,ACTIVE,2025-08-14 00:00:00.000,2025-08-14 00:00:00.000
190,Patuakhali 1,tsa987,ACTIVE,2025-08-14 00:00:00.000,2025-08-14 00:00:00.000
191,Patuakhali 2,tsa988,ACTIVE,2025-08-14 00:00:00.000,2025-08-14 00:00:00.000
192,Gopalganj,tsa790,ACTIVE,2025-08-14 00:00:00.000,2025-08-14 00:00:00.000
193,Kotalipara,tsa803,ACTIVE,2025-08-14 00:00:00.000,2025-08-14 00:00:00.000
194,Barguna 1,tsa1050,ACTIVE,2025-08-14 00:00:00.000,2025-08-14 00:00:00.000
195,Barguna 2,tsa802,ACTIVE,2025-08-14 00:00:00.000,2025-08-14 00:00:00.000
196,Barishal 4,tsa1024,ACTIVE,2025-08-14 00:00:00.000,2025-08-14 00:00:00.000
197,Pirojpur,tsa798,ACTIVE,2025-08-14 00:00:00.000,2025-08-14 00:00:00.000
198,Rajbari 2,tsa786,ACTIVE,2025-08-14 00:00:00.000,2025-08-14 00:00:00.000
199,Rajbari 1,tsa785,ACTIVE,2025-08-14 00:00:00.000,2025-08-14 00:00:00.000
200,Pangsha,tsa1065,ACTIVE,2025-08-14 00:00:00.000,2025-08-14 00:00:00.000
201,Bhanga,tsa789,ACTIVE,2025-08-14 00:00:00.000,2025-08-14 00:00:00.000
202,Boalmari,tsa788,ACTIVE,2025-08-14 00:00:00.000,2025-08-14 00:00:00.000
203,Faridpur 1,tsa931,ACTIVE,2025-08-14 00:00:00.000,2025-08-14 00:00:00.000
204,Faridpur 2,tsa933,ACTIVE,2025-08-14 00:00:00.000,2025-08-14 00:00:00.000
205,Kanaipur,tsa932,ACTIVE,2025-08-14 00:00:00.000,2025-08-14 00:00:00.000
206,Sadarpur,tsa1025,ACTIVE,2025-08-14 00:00:00.000,2025-08-14 00:00:00.000
207,Magura,tsa1001,ACTIVE,2025-08-14 00:00:00.000,2025-08-14 00:00:00.000
208,Lohagara (KHL),tsa1002,ACTIVE,2025-08-14 00:00:00.000,2025-08-14 00:00:00.000
209,Narail,tsa784,ACTIVE,2025-08-14 00:00:00.000,2025-08-14 00:00:00.000
210,Jhenaidah 2,tsa1005,ACTIVE,2025-08-14 00:00:00.000,2025-08-14 00:00:00.000
211,Jhenaidah 1,tsa1006,ACTIVE,2025-08-14 00:00:00.000,2025-08-14 00:00:00.000
212,Kaliganj (KHL),tsa778,ACTIVE,2025-08-14 00:00:00.000,2025-08-14 00:00:00.000
213,Kotchandpur,tsa1007,ACTIVE,2025-08-14 00:00:00.000,2025-08-14 00:00:00.000
214,Jashore 1,tsa1013,ACTIVE,2025-08-14 00:00:00.000,2025-08-14 00:00:00.000
215,Jashore 3,tsa1011,ACTIVE,2025-08-14 00:00:00.000,2025-08-14 00:00:00.000
216,Jashore 2,tsa1012,ACTIVE,2025-08-14 00:00:00.000,2025-08-14 00:00:00.000
217,Navaron,tsa775,ACTIVE,2025-08-14 00:00:00.000,2025-08-14 00:00:00.000
218,Noapara (KHL),tsa776,ACTIVE,2025-08-14 00:00:00.000,2025-08-14 00:00:00.000
219,Monirampur,tsa767,ACTIVE,2025-08-14 00:00:00.000,2025-08-14 00:00:00.000
220,Kushtia 2,tsa998,ACTIVE,2025-08-14 00:00:00.000,2025-08-14 00:00:00.000
221,Dolotpur,tsa781,ACTIVE,2025-08-14 00:00:00.000,2025-08-14 00:00:00.000
222,Kushtia 3,tsa769,ACTIVE,2025-08-14 00:00:00.000,2025-08-14 00:00:00.000
223,Bheramara,tsa651,ACTIVE,2025-08-14 00:00:00.000,2025-08-14 00:00:00.000
224,Kushtia 1,tsa652,ACTIVE,2025-08-14 00:00:00.000,2025-08-14 00:00:00.000
225,Madaripur,tsa791,ACTIVE,2025-08-14 00:00:00.000,2025-08-14 00:00:00.000
226,Tekerhat,tsa792,ACTIVE,2025-08-14 00:00:00.000,2025-08-14 00:00:00.000
227,Satkhira 2,tsa770,ACTIVE,2025-08-14 00:00:00.000,2025-08-14 00:00:00.000
228,Satkhira 1,tsa771,ACTIVE,2025-08-14 00:00:00.000,2025-08-14 00:00:00.000
229,Parulia,tsa1058,ACTIVE,2025-08-14 00:00:00.000,2025-08-14 00:00:00.000
230,Khulna 5,tsa1057,ACTIVE,2025-08-14 00:00:00.000,2025-08-14 00:00:00.000
231,Khulna 3,tsa765,ACTIVE,2025-08-14 00:00:00.000,2025-08-14 00:00:00.000
232,Khulna 2,tsa1056,ACTIVE,2025-08-14 00:00:00.000,2025-08-14 00:00:00.000
233,Khulna 4,tsa764,ACTIVE,2025-08-14 00:00:00.000,2025-08-14 00:00:00.000
234,Khulna 1,tsa763,ACTIVE,2025-08-14 00:00:00.000,2025-08-14 00:00:00.000
235,Senerbazar,tsa905,ACTIVE,2025-08-14 00:00:00.000,2025-08-14 00:00:00.000
236,Dumuria,tsa766,ACTIVE,2025-08-14 00:00:00.000,2025-08-14 00:00:00.000
237,Bagerhat 2,tsa653,ACTIVE,2025-08-14 00:00:00.000,2025-08-14 00:00:00.000
238,Bagerhat 1,tsa768,ACTIVE,2025-08-14 00:00:00.000,2025-08-14 00:00:00.000
239,Mongla,tsa617,ACTIVE,2025-08-14 00:00:00.000,2025-08-14 00:00:00.000
240,Alamdanga,tsa1018,ACTIVE,2025-08-14 00:00:00.000,2025-08-14 00:00:00.000
241,Chuadanga,tsa1019,ACTIVE,2025-08-14 00:00:00.000,2025-08-14 00:00:00.000
242,Darshana,tsa1020,ACTIVE,2025-08-14 00:00:00.000,2025-08-14 00:00:00.000
243,Bamundi,tsa1021,ACTIVE,2025-08-14 00:00:00.000,2025-08-14 00:00:00.000
244,Meherpur,tsa782,ACTIVE,2025-08-14 00:00:00.000,2025-08-14 00:00:00.000
245,Bhola,tsa799,ACTIVE,2025-08-14 00:00:00.000,2025-08-14 00:00:00.000
246,Bangla Bazar,tsa1064,ACTIVE,2025-08-14 00:00:00.000,2025-08-14 00:00:00.000
247,Char Fasson,tsa1040,ACTIVE,2025-08-14 00:00:00.000,2025-08-14 00:00:00.000
248,Habiganj,tsa868,ACTIVE,2025-08-14 00:00:00.000,2025-08-14 00:00:00.000
249,Sayestaganj,tsa871,ACTIVE,2025-08-14 00:00:00.000,2025-08-14 00:00:00.000
250,Nabiganj,tsa966,ACTIVE,2025-08-14 00:00:00.000,2025-08-14 00:00:00.000
251,Companiganj (SYL),tsa982,ACTIVE,2025-08-14 00:00:00.000,2025-08-14 00:00:00.000
252,Goala Bazar,tsa953,ACTIVE,2025-08-14 00:00:00.000,2025-08-14 00:00:00.000
253,Sylhet Center,tsa658,ACTIVE,2025-08-14 00:00:00.000,2025-08-14 00:00:00.000
254,Sunamganj 2,tsa845,ACTIVE,2025-08-14 00:00:00.000,2025-08-14 00:00:00.000
255,Chhatak,tsa846,ACTIVE,2025-08-14 00:00:00.000,2025-08-14 00:00:00.000
256,Jagannathpur,tsa842,ACTIVE,2025-08-14 00:00:00.000,2025-08-14 00:00:00.000
257,Sunamganj 1,tsa844,ACTIVE,2025-08-14 00:00:00.000,2025-08-14 00:00:00.000
258,B. Baria 2,tsa1032,ACTIVE,2025-08-14 00:00:00.000,2025-08-14 00:00:00.000
259,Kashba,tsa1031,ACTIVE,2025-08-14 00:00:00.000,2025-08-14 00:00:00.000
260,B. Baria 1,tsa866,ACTIVE,2025-08-14 00:00:00.000,2025-08-14 00:00:00.000
261,Mymensingh 2,tsa847,ACTIVE,2025-08-14 00:00:00.000,2025-08-14 00:00:00.000
262,Mymensingh 1,tsa852,ACTIVE,2025-08-14 00:00:00.000,2025-08-14 00:00:00.000
263,Mymensingh 3,tsa853,ACTIVE,2025-08-14 00:00:00.000,2025-08-14 00:00:00.000
264,Muktagacha,tsa848,ACTIVE,2025-08-14 00:00:00.000,2025-08-14 00:00:00.000
265,Phulpur,tsa1035,ACTIVE,2025-08-14 00:00:00.000,2025-08-14 00:00:00.000
266,Shambhuganj,tsa849,ACTIVE,2025-08-14 00:00:00.000,2025-08-14 00:00:00.000
267,Bhaluka,tsa850,ACTIVE,2025-08-14 00:00:00.000,2025-08-14 00:00:00.000
268,Trishal,tsa851,ACTIVE,2025-08-14 00:00:00.000,2025-08-14 00:00:00.000
269,Gaffargaon,tsa991,ACTIVE,2025-08-14 00:00:00.000,2025-08-14 00:00:00.000
270,Kishoreganj 2,tsa891,ACTIVE,2025-08-14 00:00:00.000,2025-08-14 00:00:00.000
271,Kishoreganj 1,tsa922,ACTIVE,2025-08-14 00:00:00.000,2025-08-14 00:00:00.000
272,Nandail,tsa875,ACTIVE,2025-08-14 00:00:00.000,2025-08-14 00:00:00.000
273,Katiadi,tsa876,ACTIVE,2025-08-14 00:00:00.000,2025-08-14 00:00:00.000
274,Akhaura,tsa1016,ACTIVE,2025-08-14 00:00:00.000,2025-08-14 00:00:00.000
275,Nabinagar,tsa967,ACTIVE,2025-08-14 00:00:00.000,2025-08-14 00:00:00.000
276,Madhabpur,tsa869,ACTIVE,2025-08-14 00:00:00.000,2025-08-14 00:00:00.000
277,Bakshiganj,tsa995,ACTIVE,2025-08-14 00:00:00.000,2025-08-14 00:00:00.000
278,Islampur,tsa859,ACTIVE,2025-08-14 00:00:00.000,2025-08-14 00:00:00.000
279,Jamalpur 1,tsa857,ACTIVE,2025-08-14 00:00:00.000,2025-08-14 00:00:00.000
280,Jamalpur 2,tsa858,ACTIVE,2025-08-14 00:00:00.000,2025-08-14 00:00:00.000
281,Nakla,tsa641,ACTIVE,2025-08-14 00:00:00.000,2025-08-14 00:00:00.000
282,Sherpur 1,tsa996,ACTIVE,2025-08-14 00:00:00.000,2025-08-14 00:00:00.000
283,Sherpur 2,tsa997,ACTIVE,2025-08-14 00:00:00.000,2025-08-14 00:00:00.000
284,Durgapur (SYL),tsa936,ACTIVE,2025-08-14 00:00:00.000,2025-08-14 00:00:00.000
285,Netrokona 1,tsa860,ACTIVE,2025-08-14 00:00:00.000,2025-08-14 00:00:00.000
286,Netrokona 2,tsa861,ACTIVE,2025-08-14 00:00:00.000,2025-08-14 00:00:00.000
287,Bhairab 2,tsa1017,ACTIVE,2025-08-14 00:00:00.000,2025-08-14 00:00:00.000
288,Bhairab 1,tsa877,ACTIVE,2025-08-14 00:00:00.000,2025-08-14 00:00:00.000
289,Narsingdi 2,tsa955,ACTIVE,2025-08-14 00:00:00.000,2025-08-14 00:00:00.000
290,Narsingdi 1,tsa956,ACTIVE,2025-08-14 00:00:00.000,2025-08-14 00:00:00.000
291,Ghorashal,tsa881,ACTIVE,2025-08-14 00:00:00.000,2025-08-14 00:00:00.000
292,Monohardi,tsa1055,ACTIVE,2025-08-14 00:00:00.000,2025-08-14 00:00:00.000
293,Madhabdi,tsa957,ACTIVE,2025-08-14 00:00:00.000,2025-08-14 00:00:00.000
294,Moulvibazar,tsa872,ACTIVE,2025-08-14 00:00:00.000,2025-08-14 00:00:00.000
295,Sreemangal,tsa873,ACTIVE,2025-08-14 00:00:00.000,2025-08-14 00:00:00.000
296,Kulaura,tsa863,ACTIVE,2025-08-14 00:00:00.000,2025-08-14 00:00:00.000
297,Beanibazar,tsa867,ACTIVE,2025-08-14 00:00:00.000,2025-08-14 00:00:00.000
298,Sylhet North,tsa837,ACTIVE,2025-08-14 00:00:00.000,2025-08-14 00:00:00.000
299,Sylhet West,tsa899,ACTIVE,2025-08-14 00:00:00.000,2025-08-14 00:00:00.000
300,Sylhet Outer,tsa984,ACTIVE,2025-08-14 00:00:00.000,2025-08-14 00:00:00.000
301,Sylhet East,tsa983,ACTIVE,2025-08-14 00:00:00.000,2025-08-14 00:00:00.000
302,Sout Surma,tsa659,ACTIVE,2025-08-14 00:00:00.000,2025-08-14 00:00:00.000
303,Golapganj,tsa836,ACTIVE,2025-08-14 00:00:00.000,2025-08-14 00:00:00.000
304,Zakiganj,tsa954,ACTIVE,2025-08-14 00:00:00.000,2025-08-14 00:00:00.000
305,Masterbari,tsa1036,ACTIVE,2025-08-14 00:00:00.000,2025-08-14 00:00:00.000
306,Chauddagram,tsa690,ACTIVE,2025-08-14 00:00:00.000,2025-08-14 00:00:00.000
307,Shaharasti 2,tsa1053,ACTIVE,2025-08-14 00:00:00.000,2025-08-14 00:00:00.000
308,Shaharasti 1,tsa926,ACTIVE,2025-08-14 00:00:00.000,2025-08-14 00:00:00.000
309,Barura,tsa1073,ACTIVE,2025-08-14 00:00:00.000,2025-08-14 00:00:00.000
310,Hemayetpur,tsa990,ACTIVE,2025-08-14 00:00:00.000,2025-08-14 00:00:00.000
311,Tangail 1,tsa724,ACTIVE,2025-08-14 00:00:00.000,2025-08-14 00:00:00.000
312,Bogura 1,tsa937,ACTIVE,2025-08-14 00:00:00.000,2025-08-14 00:00:00.000
313,Bogura 4,tsa934,ACTIVE,2025-08-14 00:00:00.000,2025-08-14 00:00:00.000
314,Bogura 5,tsa939,ACTIVE,2025-08-14 00:00:00.000,2025-08-14 00:00:00.000
315,Bogura 3,tsa935,ACTIVE,2025-08-14 00:00:00.000,2025-08-14 00:00:00.000
316,Bogura 2,tsa938,ACTIVE,2025-08-14 00:00:00.000,2025-08-14 00:00:00.000
317,Sherpur (RAJ),tsa940,ACTIVE,2025-08-14 00:00:00.000,2025-08-14 00:00:00.000
318,Nandigram,tsa941,ACTIVE,2025-08-14 00:00:00.000,2025-08-14 00:00:00.000
319,Ullahpara,tsa900,ACTIVE,2025-08-14 00:00:00.000,2025-08-14 00:00:00.000
320,Sirajganj,tsa999,ACTIVE,2025-08-14 00:00:00.000,2025-08-14 00:00:00.000
321,Hatikumrul,tsa825,ACTIVE,2025-08-14 00:00:00.000,2025-08-14 00:00:00.000
322,Belkuchi,tsa619,ACTIVE,2025-08-14 00:00:00.000,2025-08-14 00:00:00.000
323,Ishwardi,tsa1022,ACTIVE,2025-08-14 00:00:00.000,2025-08-14 00:00:00.000
324,Chatmohar,tsa1066,ACTIVE,2025-08-14 00:00:00.000,2025-08-14 00:00:00.000
325,Pabna 2,tsa980,ACTIVE,2025-08-14 00:00:00.000,2025-08-14 00:00:00.000
326,Pabna 1,tsa649,ACTIVE,2025-08-14 00:00:00.000,2025-08-14 00:00:00.000
327,Kashinathpur,tsa648,ACTIVE,2025-08-14 00:00:00.000,2025-08-14 00:00:00.000
328,Naogaon 2,tsa805,ACTIVE,2025-08-14 00:00:00.000,2025-08-14 00:00:00.000
329,Naogaon 1,tsa804,ACTIVE,2025-08-14 00:00:00.000,2025-08-14 00:00:00.000
330,Manda,tsa947,ACTIVE,2025-08-14 00:00:00.000,2025-08-14 00:00:00.000
331,Rajshahi 1,tsa807,ACTIVE,2025-08-14 00:00:00.000,2025-08-14 00:00:00.000
332,Rajshahi 3,tsa808,ACTIVE,2025-08-14 00:00:00.000,2025-08-14 00:00:00.000
333,Rajshahi 2,tsa806,ACTIVE,2025-08-14 00:00:00.000,2025-08-14 00:00:00.000
334,Kasore,tsa948,ACTIVE,2025-08-14 00:00:00.000,2025-08-14 00:00:00.000
335,Rajshahi 6,tsa895,ACTIVE,2025-08-14 00:00:00.000,2025-08-14 00:00:00.000
336,Rajshahi 5,tsa810,ACTIVE,2025-08-14 00:00:00.000,2025-08-14 00:00:00.000
337,Natore 1,tsa814,ACTIVE,2025-08-14 00:00:00.000,2025-08-14 00:00:00.000
338,Natore 2,tsa813,ACTIVE,2025-08-14 00:00:00.000,2025-08-14 00:00:00.000
339,Chapai 1,tsa811,ACTIVE,2025-08-14 00:00:00.000,2025-08-14 00:00:00.000
340,Chapai 2,tsa812,ACTIVE,2025-08-14 00:00:00.000,2025-08-14 00:00:00.000
341,Rohanpur,tsa949,ACTIVE,2025-08-14 00:00:00.000,2025-08-14 00:00:00.000
342,Rajshahi 4,tsa809,ACTIVE,2025-08-14 00:00:00.000,2025-08-14 00:00:00.000
343,Puthia,tsa647,ACTIVE,2025-08-14 00:00:00.000,2025-08-14 00:00:00.000
344,Palashbari,tsa1028,ACTIVE,2025-08-14 00:00:00.000,2025-08-14 00:00:00.000
345,Gaibandha,tsa830,ACTIVE,2025-08-14 00:00:00.000,2025-08-14 00:00:00.000
346,Sundarganj,tsa640,ACTIVE,2025-08-14 00:00:00.000,2025-08-14 00:00:00.000
347,Bonarpara,tsa829,ACTIVE,2025-08-14 00:00:00.000,2025-08-14 00:00:00.000
348,Dinajpur 2,tsa1067,ACTIVE,2025-08-14 00:00:00.000,2025-08-14 00:00:00.000
349,Dinajpur 1,tsa832,ACTIVE,2025-08-14 00:00:00.000,2025-08-14 00:00:00.000
350,Fulbari,tsa1051,ACTIVE,2025-08-14 00:00:00.000,2025-08-14 00:00:00.000
351,Birampur,tsa833,ACTIVE,2025-08-14 00:00:00.000,2025-08-14 00:00:00.000
352,Birganj,tsa831,ACTIVE,2025-08-14 00:00:00.000,2025-08-14 00:00:00.000
353,Setabganj,tsa903,ACTIVE,2025-08-14 00:00:00.000,2025-08-14 00:00:00.000
354,Joypurhat 1,tsa950,ACTIVE,2025-08-14 00:00:00.000,2025-08-14 00:00:00.000
355,Joypurhat 2,tsa952,ACTIVE,2025-08-14 00:00:00.000,2025-08-14 00:00:00.000
356,Panchbibi,tsa951,ACTIVE,2025-08-14 00:00:00.000,2025-08-14 00:00:00.000
357,Mokamtola,tsa1004,ACTIVE,2025-08-14 00:00:00.000,2025-08-14 00:00:00.000
358,Gobindaganj,tsa1027,ACTIVE,2025-08-14 00:00:00.000,2025-08-14 00:00:00.000
359,Panchagarh 3,tsa1052,ACTIVE,2025-08-14 00:00:00.000,2025-08-14 00:00:00.000
360,Thakurgaon,tsa834,ACTIVE,2025-08-14 00:00:00.000,2025-08-14 00:00:00.000
361,Panchagarh 2,tsa901,ACTIVE,2025-08-14 00:00:00.000,2025-08-14 00:00:00.000
362,Ranisankail,tsa639,ACTIVE,2025-08-14 00:00:00.000,2025-08-14 00:00:00.000
363,Panchagarh 1,tsa835,ACTIVE,2025-08-14 00:00:00.000,2025-08-14 00:00:00.000
364,Rangpur 2,tsa942,ACTIVE,2025-08-14 00:00:00.000,2025-08-14 00:00:00.000
365,Kaunia,tsa943,ACTIVE,2025-08-14 00:00:00.000,2025-08-14 00:00:00.000
366,Rangpur 1,tsa1009,ACTIVE,2025-08-14 00:00:00.000,2025-08-14 00:00:00.000
367,Rangpur 3,tsa1030,ACTIVE,2025-08-14 00:00:00.000,2025-08-14 00:00:00.000
368,Gangachara,tsa1008,ACTIVE,2025-08-14 00:00:00.000,2025-08-14 00:00:00.000
369,Badarganj,tsa1010,ACTIVE,2025-08-14 00:00:00.000,2025-08-14 00:00:00.000
370,Saidpur 1,tsa896,ACTIVE,2025-08-14 00:00:00.000,2025-08-14 00:00:00.000
371,Saidpur 2,tsa820,ACTIVE,2025-08-14 00:00:00.000,2025-08-14 00:00:00.000
372,Jaldhaka,tsa821,ACTIVE,2025-08-14 00:00:00.000,2025-08-14 00:00:00.000
373,Nilphamari,tsa944,ACTIVE,2025-08-14 00:00:00.000,2025-08-14 00:00:00.000
374,Domar,tsa1068,ACTIVE,2025-08-14 00:00:00.000,2025-08-14 00:00:00.000
375,Kurigram,tsa945,ACTIVE,2025-08-14 00:00:00.000,2025-08-14 00:00:00.000
376,Ulipur,tsa1029,ACTIVE,2025-08-14 00:00:00.000,2025-08-14 00:00:00.000
377,Nageswari,tsa946,ACTIVE,2025-08-14 00:00:00.000,2025-08-14 00:00:00.000
378,Lalmonirhat,tsa824,ACTIVE,2025-08-14 00:00:00.000,2025-08-14 00:00:00.000
379,Kaliganj (RAJ),tsa823,ACTIVE,2025-08-14 00:00:00.000,2025-08-14 00:00:00.000
380,Hatibandha,tsa638,ACTIVE,2025-08-14 00:00:00.000,2025-08-14 00:00:00.000
381,Shotibari,tsa1026,ACTIVE,2025-08-14 00:00:00.000,2025-08-14 00:00:00.000
